width,height
1024,682
1024,683
1024,484
1024,689
1024,819
768,1024
683,1024
1024,680
1024,768
1024,768
1024,678
702,1024
1024,683
1024,481
1024,768
1024,680
1024,842
802,1024
1024,768
1024,683
1024,683
1024,768
1024,768
1024,662
768,1024
1024,768
1024,683
1024,681
1024,680
1024,680
1024,685
1024,768
1024,683
1024,681
1024,695
1024,823
1024,683
768,1024
768,1024
1024,819
817,1024
1024,766
1024,692
1024,576
683,1024
683,1024
1024,768
1024,683
1024,766
991,768
685,1024
1024,768
1024,682
1024,835
1024,739
1024,683
1024,768
1024,724
1024,683
1024,683
599,1024
1024,768
1024,876
1024,829
1024,687
1024,726
1024,683
1024,768
1024,768
1024,768
682,1024
1024,809
1024,646
967,1024
1024,687
1024,683
1024,852
768,824
1024,687
1024,686
683,1024
1024,870
1024,683
768,1024
1024,683
1024,683
1024,768
1024,646
1024,792
1024,640
1024,768
1024,682
1024,768
1024,685
1024,768
1024,683
1024,768
1024,768
683,1024
1024,768
1024,683
1024,906
1024,1024
1024,768
1024,683
704,1024
1024,874
740,1024
1024,791
1024,998
1024,678
986,1024
1024,683
823,1024
1024,682
591,1024
1024,783
1024,768
1024,683
747,1024
683,1024
1024,722
1024,1024
1024,683
768,1024
1024,685
680,1024
924,1024
1024,682
1024,768
768,1024
1024,683
1024,576
1024,1024
818,1024
1024,683
1024,768
1024,768
855,1024
1024,768
1024,768
681,1024
1024,692
1024,680
683,1024
1024,685
1024,683
1024,768
1024,798
1024,683
1024,768
1024,683
1024,768
1024,576
685,1024
941,1024
1024,679
1024,680
1024,768
1024,675
683,1024
1024,683
1024,768
855,1024
1024,672
1024,717
1024,661
1024,768
1024,768
1024,709
1024,836
1024,683
1024,768
1024,762
1024,1024
1024,907
794,1024
1024,768
1024,1024
1024,726
1024,740
994,768
1024,682
1024,681
1024,768
1024,683
1024,927
768,1024
1024,768
1024,768
1024,768
1024,819
677,1024
1024,904
781,1024
768,1024
1024,683
1024,576
1024,683
1024,683
879,1024
1024,682
1024,768
1024,683
712,1024
1024,768
1024,768
1024,683
1024,768
925,1024
1024,686
858,1024
760,1024
768,1024
694,1024
918,1024
1024,909
1024,768
1024,768
1024,1024
1024,768
731,1024
1024,768
1024,685
1024,609
1024,1024
1024,830
1024,680
1024,681
1024,673
1024,728
1024,768
1024,842
1024,768
1024,683
1024,768
1024,768
1024,768
1024,768
1024,686
1024,682
1024,680
1024,683
1024,768
1024,682
1024,768
1024,693
1024,685
1024,768
1024,576
1024,683
1024,680
1024,622
1024,768
1024,768
1024,289
1024,755
1024,768
1024,704
1024,731
1024,683
1024,768
1024,678
1024,768
1024,773
1024,768
1024,768
1024,683
1024,683
1024,768
1024,768
1024,768
1024,773
768,1024
1024,768
680,1024
1024,768
1024,768
1024,768
1024,682
1024,683
1024,683
1024,768
1024,603
1024,768
1024,1024
1024,678
1024,683
1024,681
1024,768
1024,683
1024,705
1024,683
1024,668
1024,768
1024,768
1024,576
1024,768
1024,722
1024,685
1024,768
1024,681
827,768
1024,952
1024,768
1024,683
1024,809
1024,973
1024,768
1024,863
1024,683
1024,681
1024,768
1024,768
1024,662
1024,990
1024,819
1024,777
1024,683
1024,899
1024,922
1024,983
685,1024
681,1024
1024,683
1024,655
1024,768
1024,680
1024,681
1024,683
1024,768
1024,683
768,1024
1024,768
1024,768
1024,768
687,1024
1024,768
700,1024
1024,683
768,1024
1024,680
768,1024
1024,682
1024,685
1024,680
683,1024
1024,680
1024,768
1024,757
1024,720
1024,663
1024,680
1024,768
1024,768
1024,680
1024,768
768,1024
1024,758
1024,768
1024,1024
1024,681
665,1024
846,768
1024,685
1024,685
1024,682
1024,633
1024,685
1024,768
1024,743
1024,648
1024,683
1024,681
819,1024
1024,806
768,1024
1024,768
1024,577
968,1024
1024,516
1024,683
1024,869
1024,1024
1024,575
1024,654
1024,683
1024,683
1024,892
815,1024
1024,683
1024,777
1024,732
1024,768
1024,683
1024,828
1024,777
1024,683
1024,686
1024,638
768,1024
1024,683
658,1024
1024,683
1024,592
1024,685
1024,768
768,1024
1024,683
1024,683
1024,674
1024,731
761,1024
841,1024
682,1024
720,1024
1024,683
1024,683
1024,768
1024,768
1024,737
1024,683
1024,694
1024,683
1024,768
1024,683
1024,768
1024,1003
1024,768
1024,683
1024,680
1024,668
1024,741
1024,683
1024,768
768,1024
1024,1024
1024,682
1024,768
1024,768
1024,683
1024,768
1024,1024
1024,765
1024,683
1024,576
1024,683
1024,683
1024,768
941,768
1024,683
1024,680
1024,683
1024,785
793,1024
1024,993
1024,765
1024,744
1024,768
1024,683
768,1024
1024,680
1024,768
1024,683
1024,768
1024,768
1024,1024
1024,683
1024,683
1024,705
1024,680
1024,627
1024,683
1024,768
1024,682
1024,683
812,1024
1024,806
1024,768
1024,1024
1024,682
1024,768
1024,861
1024,768
1024,768
1024,768
683,1024
1024,654
1024,683
1024,768
1024,768
1024,768
1024,684
1024,768
1024,768
1024,768
1024,768
1024,751
1024,768
1024,768
1024,683
1024,1024
1024,683
682,1024
1024,681
1024,768
683,1024
1024,680
1024,578
1024,768
1024,753
1024,484
1024,737
1024,768
1024,663
1024,681
1024,681
1024,768
1024,683
1024,668
1024,768
1024,683
1024,768
1024,1024
1024,682
1024,768
1024,768
1024,819
1024,768
1024,576
1024,768
1024,768
1024,768
1024,768
1024,683
1024,683
680,1024
768,1024
1024,1024
1024,768
1024,768
1024,768
1024,684
1024,768
1024,395
1024,681
1024,768
1024,683
1024,683
1024,768
1024,680
1024,683
1024,680
1024,708
1024,768
1024,683
1024,683
1024,682
1024,681
1024,768
768,1024
768,1024
1024,683
1024,768
1024,685
1024,630
1024,683
1024,348
1024,678
925,768
768,768
1024,768
1024,685
683,1024
1024,685
1024,683
1024,685
1024,768
1024,682
685,1024
1024,680
1024,685
1024,745
1024,768
1024,740
994,768
1024,577
1024,819
1024,819
1024,575
1024,819
1024,682
768,1024
1024,819
943,1024
1024,768
1024,683
1024,904
1024,685
620,1024
1024,768
1024,768
1024,768
1024,998
1024,768
1024,768
1024,768
1024,680
1024,768
1024,682
683,1024
1024,819
768,1024
1024,1024
1024,768
1024,683
683,1024
1024,766
1024,1024
1024,667
1024,768
1024,683
1024,768
1024,683
1022,768
1024,768
1024,768
1024,683
1024,958
1024,768
988,768
1024,768
685,1024
1024,683
1024,682
1024,768
1024,633
1024,732
1024,683
1024,682
768,1024
1024,683
1024,768
768,1024
680,1024
768,1024
1024,683
1024,683
1024,683
685,1024
1024,768
1024,680
1024,768
1024,768
768,1024
1024,683
1024,681
1024,769
1024,683
768,1024
1024,884
1024,683
1024,576
1024,744
768,1024
1024,678
1024,811
1024,863
1024,1024
1024,576
616,1024
1024,947
1024,806
768,768
1024,790
1011,1024
1024,768
1024,768
1024,873
1024,768
1024,685
1024,745
1024,683
1024,768
1024,740
994,768
1024,684
1024,768
1024,577
1024,819
1024,575
1024,819
981,1024
1024,682
1024,680
1024,683
943,1024
1024,683
768,1024
1024,680
1024,614
1024,768
1024,728
1024,711
1024,768
1024,678
1024,683
1024,682
1024,683
1024,680
1024,925
1024,678
1024,768
1024,682
1024,683
1024,681
717,1024
768,1024
1024,1024
1024,683
1024,675
1024,570
631,1024
1024,576
1024,768
1024,768
1024,950
1024,614
1024,768
1024,769
1024,685
647,1024
1024,750
1024,846
1024,747
1024,678
1024,683
1024,681
1024,768
1024,476
1024,683
736,1024
1024,717
1024,683
1024,683
1024,683
1024,600
1024,785
1024,683
1024,839
1024,683
1024,576
1024,650
1024,683
1024,745
767,1024
680,1024
1024,1024
1024,683
1024,682
1024,716
1024,683
1024,978
1024,486
1024,715
971,1024
1024,768
1024,768
1024,683
1024,768
1024,768
1024,683
1024,682
1024,683
1024,681
1024,724
909,1024
1024,769
1024,853
1024,599
1024,819
1024,603
1024,685
546,1024
1024,446
665,1024
1024,836
1024,683
1024,766
1024,849
1024,683
1024,768
1024,682
1024,768
1024,1024
685,1024
1024,768
1024,871
884,1024
1024,678
1024,768
935,1024
1024,768
680,1024
1024,683
1024,741
1024,768
1024,768
1024,814
1024,668
1024,859
1024,768
1024,768
1024,756
945,1024
1024,894
1024,768
1024,531
1024,749
1024,914
1024,683
1024,683
1024,682
1024,769
1024,683
1024,683
1024,682
1024,601
1024,768
1024,768
1024,768
740,1024
1024,861
1024,768
1024,768
1024,685
1024,683
1024,768
1024,836
683,1024
768,1024
1024,761
1024,943
1024,768
768,768
1024,685
1024,692
1024,681
1024,683
1024,1024
683,1024
681,1024
1024,681
685,1024
768,1024
1024,768
1024,768
1024,828
683,1024
1024,683
683,1024
678,1024
1024,683
1024,678
768,971
1024,682
767,1024
1024,683
1024,674
1024,678
768,1024
683,1024
1024,682
1024,681
683,1024
1024,768
683,1024
1024,768
1024,768
1024,768
1024,683
1024,683
1024,1024
1024,555
1024,768
1024,768
1024,683
1024,685
1024,700
1024,683
1024,664
1024,768
1024,683
1024,683
1024,768
1024,584
1024,768
1024,678
683,1024
1024,681
1024,683
1024,682
1024,640
683,1024
1024,1005
1024,683
796,1024
1024,683
768,1024
888,768
1024,880
1024,934
1024,683
680,1024
611,1024
1024,768
1024,865
1024,768
1024,768
1024,744
1024,813
1024,685
1024,768
1024,683
1024,683
768,995
1024,730
1024,485
1024,683
1024,680
1024,734
1024,683
978,768
1024,768
1024,683
1024,755
1024,1024
1024,1009
1024,683
1024,683
1024,838
1024,682
768,962
768,1024
1024,768
1024,683
1024,680
1024,768
1024,768
1024,731
1024,678
855,1024
1024,683
1024,813
1024,768
1024,683
1024,682
1024,683
1024,683
1024,1024
720,1024
1024,685
1024,691
1024,1024
1024,683
768,1024
1024,683
1024,682
683,1024
1024,715
1024,737
1024,681
768,1024
685,1024
1024,730
1024,690
634,1024
1024,768
768,977
768,1024
787,1024
1024,768
1024,961
1024,768
1024,768
1024,683
1024,680
1024,768
682,1024
1024,682
1024,768
1024,683
753,1024
1024,615
1024,683
683,1024
1024,732
4000,3000
1024,683
1024,681
1024,768
1024,691
1024,683
1024,620
1024,769
1024,683
1024,685
1024,700
1024,685
1024,683
1024,1024
698,1024
1024,678
1024,683
768,1024
1024,724
1024,681
1024,681
1024,683
681,1024
1024,768
1024,680
1024,768
1024,731
1024,683
1024,768
1024,768
1024,1024
1024,683
1024,683
1024,768
1024,683
1024,768
1024,768
1024,683
1024,680
768,1024
1024,683
1024,682
1024,768
1024,731
1024,769
1024,683
1024,753
1024,683
1024,683
1024,768
4592,3448
1024,768
1024,768
658,1024
1024,766
1024,768
1024,769
1024,768
1024,768
1024,768
1024,683
1024,768
878,1024
1024,579
1011,1024
1024,683
1024,860
3648,2736
820,1024
1024,676
1024,682
1024,736
1024,683
1024,577
1024,686
1024,683
1024,819
1024,689
1024,681
1024,576
1024,732
1024,747
1024,1000
1024,831
1024,790
1024,768
1024,682
1024,682
1024,710
1024,683
1024,683
1024,680
1024,685
1024,683
1024,680
1024,768
1024,680
1024,695
1024,683
1024,657
1024,683
1024,683
1024,680
1024,681
682,1024
1024,768
1024,684
1024,688
1024,771
1024,768
1024,683
1024,681
1024,683
1024,812
1024,682
1024,768
1024,683
685,1024
1024,320
1024,808
1024,683
1024,683
1024,698
1024,685
1024,776
1024,682
1024,768
1024,680
1024,832
1024,768
1024,808
1024,768
1024,768
873,1024
1024,768
1024,681
811,1024
1024,768
1024,768
1024,1024
1024,768
1024,681
1024,680
1024,681
1024,683
1024,683
1024,731
682,1024
1024,681
1024,768
1024,682
683,1024
1024,680
1024,578
1024,768
1024,484
1024,737
1024,768
1024,681
1024,576
1024,681
1024,768
1024,768
1024,739
768,768
1024,514
1024,685
1024,613
1024,768
1024,768
1024,781
1024,683
1024,768
1024,379
1024,768
1024,680
1024,768
1024,679
1024,682
1024,768
1024,663
1024,682
1024,768
1024,612
1024,768
1024,707
1024,768
1024,569
1024,768
1024,683
1024,768
1024,682
1024,733
1024,664
769,1024
1024,768
1024,656
1024,768
1024,649
1024,768
1024,678
683,1024
1024,681
1024,768
683,1024
1024,768
1024,768
1024,683
1024,771
1024,576
1024,768
683,1024
1024,680
768,1024
1024,768
1024,691
1024,685
1024,683
1024,741
1024,683
1024,682
1024,680
768,949
1024,683
1024,695
1024,933
1024,683
1024,682
1024,768
681,1024
1024,678
1024,768
1024,680
1024,507
1024,678
1024,681
682,1024
681,1024
1024,680
1024,681
1024,768
682,1024
1024,768
1024,768
1024,1024
1024,687
1024,768
1024,680
1024,768
1024,683
1024,904
1024,683
1024,683
1024,565
1024,1017
1024,726
1024,742
981,1024
1024,768
1024,683
1024,615
1024,768
1024,769
768,1024
1024,768
1024,683
1024,1024
1024,768
1024,682
1024,808
1024,683
1024,763
901,768
1024,711
734,1024
1024,768
1024,768
1024,768
1024,768
1024,721
1024,683
1024,768
1024,680
1024,681
1024,727
1024,768
1024,731
1024,768
1024,768
1024,1024
1024,959
1024,870
1024,767
821,1024
1024,802
1024,768
1024,683
1024,576
1024,875
1024,738
1024,683
1024,682
1024,845
1024,683
1024,768
1024,758
1024,576
1024,511
1024,681
1024,768
1024,683
1024,839
1024,683
687,1024
1024,768
1024,673
1024,768
765,1024
1024,693
576,1024
1024,683
897,1024
1024,683
683,1024
1024,768
1024,686
1024,678
1024,683
1024,683
836,1024
1024,768
1024,681
1024,768
1024,301
1024,576
1024,768
1024,694
1024,683
636,1024
1024,765
1024,680
768,1024
1024,768
768,768
1024,683
1024,704
1024,686
1024,683
846,1024
1024,683
1024,768
1024,768
1024,966
1024,768
1024,768
1024,684
1024,682
1024,768
767,1024
1024,678
1024,768
1024,768
1024,680
768,1004
1024,683
1024,685
1024,720
1024,924
1024,655
812,1024
1003,1024
1024,768
1024,576
1024,678
1024,768
1024,575
1024,768
1024,768
1024,768
1024,575
1024,683
1024,768
1024,683
1024,680
1024,768
768,1024
1024,680
1024,768
1024,768
1024,683
1024,768
1024,768
1024,683
1024,683
1024,928
1024,768
1024,683
1024,683
1024,683
1024,683
1024,681
1024,683
1024,681
1024,683
1024,768
1024,768
1024,768
768,964
1024,762
1024,672
804,1024
1024,685
1024,1024
809,1024
1024,576
1024,788
1024,898
1024,683
1024,837
1024,736
683,1024
1024,974
1024,909
1024,768
768,1024
683,1024
1024,685
1024,683
768,1024
1024,768
1024,683
1024,735
1024,681
1024,768
768,1024
1024,1024
1024,683
1024,683
683,1024
1024,682
1024,785
685,1024
1024,768
1024,768
683,1024
1024,739
1024,613
1024,768
1024,1024
1024,683
1024,768
1024,768
1024,683
1024,682
1024,683
1024,683
1024,684
1024,683
1024,768
1024,859
1024,683
1024,768
1024,768
1024,678
1024,781
1024,770
1024,575
1024,768
1024,680
1024,766
1024,680
683,1024
1024,680
768,1024
1024,683
1024,873
1024,861
1024,685
1024,768
1024,768
1024,721
1024,680
1016,1024
768,1024
1024,768
1024,683
1024,721
1024,632
1024,419
1024,683
1024,676
1024,683
1024,768
1024,789
1024,768
1024,520
1024,768
1024,823
1024,768
1024,771
1024,836
1024,768
1024,768
1024,768
1024,682
1024,685
1024,768
768,1024
1024,704
1024,683
1024,683
1024,768
1024,683
1024,736
1024,683
731,1024
1024,683
1024,683
1024,768
1024,645
1024,683
1024,683
1024,693
1024,665
1024,752
1024,683
1024,731
1024,685
1024,602
1024,768
683,1024
683,1024
1024,878
1024,683
768,1024
1024,770
768,1024
755,1024
1024,550
1024,768
661,1024
820,1024
1024,683
1024,696
1023,1024
1024,768
1024,683
1024,768
1024,768
1024,683
1024,576
522,1024
1024,768
1024,836
1024,768
1024,996
1024,1024
1024,762
1024,326
1024,768
1024,683
1024,988
1024,577
1024,768
1024,768
1024,683
1024,765
1024,1024
1024,683
1024,612
1024,768
678,1024
683,1024
1024,577
1024,768
678,1024
1024,683
1024,683
1024,681
1024,768
1024,768
1024,768
1024,768
768,850
1024,683
1024,768
1024,768
1024,787
768,1024
1024,768
1024,683
1024,1011
1024,768
1024,768
1024,768
770,1024
1024,768
1024,683
1024,651
1024,576
1024,683
1024,683
1024,768
1024,683
683,1024
1024,679
1024,576
1024,768
683,1024
1024,791
1024,683
1024,698
1024,768
1024,768
1024,930
1024,682
1024,683
1024,768
1024,694
1024,680
1024,768
1024,683
1024,768
1024,686
1024,747
1024,681
1024,678
1024,682
1024,766
1024,904
1024,680
1024,680
943,768
1024,768
1024,685
1024,910
1022,1024
1024,742
1024,684
1024,680
1024,683
1024,683
1024,733
1024,686
683,1024
768,1024
553,1024
1024,649
1024,683
768,1024
867,768
1024,674
1024,768
1024,768
1024,683
1024,682
1024,737
1024,684
1024,681
1024,704
1024,735
1024,819
768,768
1024,680
1024,562
1024,819
1024,680
1024,1024
1024,681
1024,768
683,1024
1024,680
1024,1024
1024,631
1024,683
866,1024
1024,914
1024,768
1024,907
1024,676
1024,768
1024,1024
1024,1024
1024,684
1024,814
1024,576
837,1024
1024,804
1024,683
1024,1023
959,1024
801,1024
1024,768
1024,768
1024,682
1024,564
1024,646
768,769
768,768
768,854
1024,680
1024,770
1024,577
1024,732
1024,768
1024,768
1024,768
1024,780
1024,683
1024,1012
1024,678
1024,683
766,1024
1024,949
1024,768
819,1024
767,1024
1024,817
1024,683
1024,768
1024,683
1024,768
1024,768
1024,681
1024,681
1024,678
1024,678
1024,680
1024,682
1024,682
1024,1024
1024,683
1024,768
1024,683
841,1024
1024,768
1024,766
1024,768
1024,730
1024,613
1024,577
1024,577
1024,585
1024,732
1024,678
1024,768
1024,768
1024,699
1024,683
1024,721
1024,500
1024,768
1024,617
1024,562
1024,546
1024,732
1024,683
768,1024
1024,686
1024,576
1024,683
1024,746
1024,768
1024,683
1024,683
1024,683
1024,760
1024,768
683,1024
1024,680
819,1024
863,1024
1024,683
1024,682
1024,768
1024,899
768,1024
1024,724
1024,680
1024,941
1024,683
1024,768
1024,789
1024,947
683,1024
1024,768
640,1024
1024,683
1024,768
1024,768
1024,683
683,1024
876,1024
732,1024
1024,683
1024,1024
1024,768
1024,683
1024,680
1024,768
1024,789
1024,678
1024,683
1024,768
1024,678
1024,768
1024,683
1024,576
768,1024
1024,704
1024,683
1024,683
1024,686
1024,768
1024,768
1024,768
1024,680
1024,768
1024,658
705,1024
1024,768
1024,768
925,1024
1024,683
1024,683
1024,681
1024,683
1024,684
1024,683
1024,768
1024,682
1024,683
1024,768
1024,768
1024,680
1024,682
1024,683
1024,683
1024,683
1024,768
1024,681
1024,768
754,1024
1024,1024
926,1024
1024,683
1024,768
785,1024
1024,681
768,1024
1024,683
1024,702
1024,768
1024,685
1024,768
1024,768
1024,681
1024,760
683,1024
1024,768
1024,689
1024,687
1024,660
681,1024
1024,681
1024,683
1024,764
1024,678
1024,768
1024,768
1024,683
1024,768
1024,683
683,1024
1024,608
1024,768
1024,707
1024,768
1024,683
1024,683
1024,768
1024,522
1024,768
1024,683
1024,681
1024,977
906,1024
1024,683
1000,1024
683,1024
1024,885
1024,642
1024,768
1024,683
1024,706
1024,680
1024,682
1024,716
1024,681
1024,647
1024,880
1024,687
683,1024
1024,1024
683,1024
1024,682
1024,683
1024,681
1024,768
1024,683
1024,588
1024,691
1024,768
683,1024
1024,701
1024,768
576,1024
1024,768
1024,768
1024,683
1024,686
1005,768
1024,768
768,1024
1024,704
1024,768
1024,768
1024,768
1024,768
1024,1024
768,1024
1024,768
1024,768
1024,683
1024,678
1024,768
1024,577
1024,684
1024,766
1024,768
1024,768
1024,731
1024,820
1024,685
1024,768
1024,683
1024,873
1024,680
1024,680
1024,684
1024,731
1024,679
1024,768
753,1024
925,1024
1024,754
1024,978
1024,718
1024,652
1024,681
1024,682
1024,768
1024,683
1024,768
1024,828
1024,683
1024,1024
1024,685
683,1024
1024,603
1024,683
1024,682
1024,768
1024,652
1024,685
1024,768
1024,680
1024,768
1024,731
1024,683
1024,683
1024,685
1024,680
1024,683
1024,683
685,1024
1024,768
1024,653
768,1024
1024,731
1024,683
1024,683
1024,691
1024,683
1024,768
1024,1024
1024,768
1024,939
683,1024
1024,683
1024,682
1024,683
1024,680
1024,768
1024,683
1024,679
1024,768
1024,683
1024,576
1024,682
1024,739
1024,1024
1024,681
1024,683
1024,768
1024,683
1024,768
1024,680
1024,768
871,1024
1024,681
1024,1024
1024,768
1024,768
1024,541
1024,768
1024,768
1024,768
1024,768
1024,682
1024,683
1024,680
1024,768
1024,680
1024,768
1024,1024
1024,768
1024,1024
1024,678
1024,768
1024,768
1024,660
681,1024
1024,683
1024,683
1024,768
1024,707
1024,683
1024,593
1024,575
1024,683
1024,755
678,1024
1024,731
1024,768
1024,768
1024,683
1024,768
1024,678
1024,683
1024,797
1024,768
1024,768
1024,768
1024,683
1024,768
1024,1024
1024,768
1024,679
1024,676
1024,764
1024,768
768,768
1024,682
1024,681
1024,768
1024,681
1024,768
1024,859
1024,683
1024,769
1024,698
1024,768
1024,724
1024,682
1024,768
1024,683
1024,682
1024,768
1024,768
1024,707
1024,768
1024,683
1024,768
1024,681
1024,685
1024,731
1024,682
1024,731
1024,612
1024,684
1024,744
1024,1007
1024,768
977,1024
1024,661
768,768
1024,768
1024,684
1024,685
1024,768
1024,768
1024,768
1024,683
1024,681
1024,768
1024,681
1024,768
1024,768
1024,686
1024,768
1024,683
1024,768
1024,768
1024,683
1024,683
1024,676
1024,654
1024,768
1024,683
1024,884
1024,649
1024,685
1024,680
1024,683
1024,683
683,1024
768,1024
1024,682
1024,924
1024,683
1024,766
1024,789
1024,768
679,1024
1024,768
1024,768
1024,768
1024,683
1024,576
1024,768
1024,621
683,1024
1024,681
1024,768
770,1024
1024,683
683,1024
1024,680
1024,768
1024,680
1024,683
1024,683
1024,683
1024,680
1024,683
1024,760
1024,768
1024,680
1024,552
1024,867
819,1024
683,1024
1024,683
1024,1024
863,1024
1024,683
1024,683
1024,768
1024,724
1024,941
1024,768
1024,724
1024,768
1024,683
680,1024
1024,683
1024,1024
1024,733
1024,1024
685,1024
1024,768
1024,683
1024,576
1024,684
1024,683
1024,683
1024,683
1024,683
1024,1024
681,1024
1024,645
683,1024
1024,680
1024,768
1024,768
1024,768
768,1024
1024,768
830,1024
768,1024
1024,768
683,1024
1024,685
1024,768
1024,921
1024,684
1024,683
683,1024
1024,768
1024,768
834,1024
810,1024
768,1024
1024,683
768,768
663,1024
1024,683
1024,681
1024,683
1024,768
1024,768
1024,768
1024,683
1024,768
1024,937
689,1024
1024,957
768,1024
1024,1024
1024,768
1024,577
1024,765
1024,683
1024,576
772,1024
1024,732
683,1024
1024,839
1024,768
1024,768
1024,682
1024,768
1024,844
1024,773
1024,768
1024,703
1024,683
1024,768
1024,775
1024,683
1024,746
1024,683
1024,683
1024,683
1024,680
1024,683
1024,760
1024,768
1024,768
683,1024
1024,680
1024,552
1024,867
768,768
819,1024
1024,576
683,1024
1024,683
1024,1024
1024,683
1024,1024
1024,640
1024,768
1024,680
1024,768
1024,576
1024,842
1024,683
1024,680
1024,768
1024,680
1024,1024
809,1024
681,1024
1024,768
1024,681
1024,684
1024,692
1024,1024
1024,683
1024,683
1024,683
1024,683
1024,683
1024,768
1024,685
1024,768
1024,683
1024,768
1024,768
1024,683
1001,768
1024,682
1024,683
4608,3456
1024,724
1024,1024
1024,593
1024,682
1024,820
1024,682
683,1024
1024,668
1024,768
1024,576
1024,683
1024,681
1007,768
1024,768
1024,768
1024,683
1024,682
1024,802
1024,768
1024,842
1024,777
1024,640
1024,685
1024,768
1024,768
1024,764
1024,687
1024,1022
1024,851
1024,683
1024,683
1024,681
1024,683
1024,681
1024,781
1024,768
1024,686
1024,768
1024,680
1024,724
1024,683
1024,685
1024,645
768,1024
1024,768
1024,683
1024,747
1024,1024
683,1024
1024,732
1024,683
1024,683
1024,768
1024,683
1024,768
1024,768
1024,685
1024,1024
1024,768
1024,682
1024,574
1024,685
1024,681
768,1024
1024,681
1024,683
1024,845
1024,1024
1024,768
768,768
920,1024
1024,862
1024,768
1024,778
1024,946
1024,768
1024,768
1024,768
683,1024
1024,768
1024,965
1024,761
1024,639
1024,681
1024,1024
1024,768
1024,768
1024,768
1024,576
1024,696
1024,768
1024,768
1018,768
1024,768
1024,1024
1024,768
1024,679
1024,676
1024,764
1024,768
1024,801
768,768
1024,682
1024,681
1024,768
1024,678
1024,768
1024,768
1024,768
681,1024
1024,768
683,1024
1024,683
768,1024
836,1024
1024,768
1024,768
1024,768
1024,769
1024,768
1024,768
683,1024
683,1024
6000,4000
683,1024
1024,683
1024,1024
678,1024
673,1024
1024,683
1024,768
1024,1024
1024,572
1024,678
1024,680
1024,731
1024,1024
768,1024
1024,683
1024,576
1024,673
1024,683
1024,683
1024,683
1024,768
1024,698
1024,682
1024,890
1024,685
1024,819
1024,683
1024,707
1024,683
848,1024
1024,684
1024,768
1024,672
1024,683
1024,771
768,980
1024,681
1024,682
1024,765
1024,770
1024,680
683,1024
661,1024
1024,768
1024,683
1024,684
1024,819
815,1024
1024,678
1024,683
1024,685
1024,683
683,1024
684,1024
728,1024
575,1024
1024,683
1024,1024
1024,683
1024,768
1024,695
768,1024
1024,683
1024,683
1024,768
1024,682
1024,683
1024,713
1024,768
1024,1024
1024,681
1024,768
1024,874
1024,768
1024,681
1024,886
1024,684
1024,683
1024,614
1024,1024
1024,685
1024,768
1024,681
1024,680
1024,680
1024,683
1024,683
683,1024
1024,685
768,1024
1024,683
1024,768
1024,576
1024,683
1024,680
1024,683
768,1024
1024,758
1024,768
1024,768
968,1024
1024,768
1024,683
1024,815
1024,576
682,1024
576,1024
1024,687
1024,711
768,1024
1024,768
1024,743
1024,768
1024,683
1024,683
1024,680
1024,576
1024,683
900,1024
927,1024
1024,683
1024,576
1024,682
647,1024
1024,768
1024,683
1024,768
1024,768
1024,592
1024,552
1024,768
1024,768
1024,858
1024,768
1024,683
1024,768
1024,768
1024,683
1024,768
1024,683
1024,683
1024,768
1024,609
1024,791
1024,768
1024,686
1024,768
1024,731
1024,768
770,1024
1024,768
1024,733
965,1024
1024,815
1024,768
1024,683
1024,768
1024,658
1024,831
1024,768
1024,688
1024,818
1024,766
1024,1024
1018,1024
1024,768
1024,683
1024,768
1024,576
1024,768
1024,683
1024,682
819,1024
1024,768
1024,682
1024,928
962,1024
1024,683
686,1024
1024,911
1024,683
1024,683
1024,821
1024,768
1024,756
949,1024
1024,768
1024,622
1024,768
1024,827
1024,768
1024,720
1024,768
1024,724
1024,681
1024,673
1024,768
1024,1024
768,770
680,1024
1024,768
1024,783
1024,768
1024,983
1024,683
1024,768
1024,746
1024,1024
1024,767
981,1024
1024,706
1024,683
1024,986
1024,627
1024,768
1024,768
1024,768
1024,768
1024,683
1024,678
1024,679
1024,345
1024,768
1024,683
1024,787
768,1024
1024,683
1024,768
1024,768
1024,683
1024,768
1024,768
1024,768
1024,768
1024,683
1024,768
1024,683
1024,683
1024,768
1024,683
1024,680
1024,567
1024,768
1024,823
683,1024
1024,819
1024,685
1024,486
1024,768
1024,683
1024,678
1024,768
1024,683
1024,683
1024,685
1024,685
1024,681
678,1024
1024,683
1024,686
1024,768
1024,935
1024,682
1024,1024
1024,768
1024,752
1024,933
1024,725
1024,683
1024,643
1024,723
1024,768
1024,768
1024,682
1024,768
683,1024
1024,683
1024,885
1024,768
1024,1024
1024,768
1024,724
1024,768
1024,682
1024,768
1024,768
1024,707
1024,768
1024,683
1024,768
1024,681
1024,685
1024,731
1024,731
1024,612
1024,684
1024,770
1024,686
682,1024
768,768
1024,683
718,1024
1024,706
1024,777
1024,679
1024,768
1024,768
1024,681
1024,683
1024,768
1024,769
1024,768
1024,718
1024,683
1024,683
1024,682
1024,768
1024,680
1024,683
1024,768
1024,1022
736,1024
768,1024
683,1024
683,1024
1024,681
1024,768
1024,685
1024,768
683,1024
1024,1024
681,1024
896,1024
1024,768
1024,609
1024,694
683,1024
1024,768
1024,768
682,1024
1024,680
1024,768
1024,749
1024,683
1024,768
1024,678
1024,683
1024,768
1024,682
1024,768
1024,576
1024,768
1024,683
996,768
1024,576
1024,768
1024,768
1024,768
1024,768
1024,768
1024,680
848,1024
1024,768
1024,768
1024,681
1024,768
1024,682
1024,732
1024,768
871,1024
1024,785
1024,769
1024,683
1024,681
683,1024
990,1024
1024,683
1024,768
1024,582
1024,512
1024,684
1024,575
1024,680
1024,800
1024,681
1024,684
1024,681
1024,768
1024,1024
1024,682
1024,682
1024,768
1024,1024
1024,683
1024,1024
1024,773
1024,1024
1024,768
1024,768
1024,768
1024,683
1024,770
1024,682
1007,1024
1024,683
758,1024
1024,768
1024,556
1024,785
1024,768
1024,685
727,1024
1024,683
1024,683
1024,768
683,1024
1024,781
1024,576
1024,731
1024,768
1024,768
1024,709
1024,640
1024,768
1024,731
1024,683
1024,768
1024,681
1024,685
1024,681
1024,732
1024,683
1024,768
1024,768
1024,768
1024,768
1024,768
1024,768
1024,681
1024,768
1024,683
1024,683
1024,683
1024,576
1012,1024
1024,767
1024,843
1024,653
1024,681
1024,680
1024,1024
1024,682
1024,683
1024,768
1024,1024
1024,910
1024,674
1024,788
1024,768
1024,841
806,1024
1024,689
1024,579
1024,768
1024,661
1004,1024
1024,768
1024,768
637,1024
1024,703
1024,683
1024,1022
1024,1024
1024,768
1024,1024
1024,768
1024,683
1024,732
655,1024
1024,713
1024,683
1024,576
1024,743
1024,768
962,1024
1024,768
1024,683
1024,690
1024,685
1024,717
1024,678
1024,768
1024,683
1024,808
1024,757
1024,768
783,1024
1024,685
1024,682
731,1024
1024,796
1024,594
1024,768
1024,682
1024,612
768,1024
1024,682
1024,676
1024,682
1024,683
1024,768
1024,768
1024,676
1024,683
1024,768
937,1024
1024,768
1023,1024
1024,683
680,1024
1024,768
1024,683
1024,757
1024,682
1024,768
1024,683
1024,768
1024,909
1024,683
1024,681
1024,684
1024,768
768,917
1024,680
1024,660
1024,1024
1024,725
1024,678
683,1024
1024,683
1024,676
666,1024
683,1024
1024,684
1024,768
1024,768
1024,683
1024,683
1024,624
1024,835
1024,346
1024,780
1024,945
1024,768
1024,768
1024,768
1024,958
809,1024
1024,785
1024,645
1024,678
708,1024
1024,768
1024,1024
1024,768
1024,1024
1024,895
1024,678
1024,844
1024,682
818,1024
1024,683
850,1024
1024,768
1024,680
1024,683
718,1024
1024,706
1024,768
1024,767
1024,777
1024,679
1024,768
1024,683
1024,768
1024,769
1024,768
1024,718
1024,683
1024,683
1024,683
1024,768
1024,682
1024,768
1024,683
1024,768
1024,885
768,1024
1024,678
684,1024
1024,680
1024,768
1024,769
1024,575
1024,768
1024,683
1024,684
1024,768
1024,683
1024,681
1024,768
1024,768
1024,768
1024,680
1024,768
1024,768
1024,685
1024,768
1024,732
1024,685
1024,683
1024,680
1024,633
1024,818
1024,698
1024,683
1024,707
1024,819
1024,701
1024,680
1024,683
1024,679
1024,768
1024,685
682,1024
1024,683
1024,911
1024,683
1024,905
1024,768
994,1024
1024,748
768,1024
839,1024
682,1024
1024,575
868,1024
726,1024
1024,681
684,1024
1024,858
1024,768
683,1024
1024,658
1024,879
791,1024
1024,789
1024,685
1024,585
1024,633
1024,1024
1024,768
1024,768
1024,768
1024,768
1024,699
1024,768
1024,681
1024,768
1024,768
1024,575
1024,701
1024,683
1024,599
1024,682
1024,768
1024,683
1024,682
1024,683
1024,768
747,1024
1024,768
1024,681
1024,682
1024,686
1024,768
1024,683
1024,683
1024,576
683,1024
1024,768
1024,768
683,1024
1024,768
